item,name,party,partyLabel,area,areaLabel
,Alberto Joaquim Chipande,Q504564,FRELIMO,Q466538,Cabo Delgado
,Vicente Zacarias Ululu,Q1425821,RENAMO,Q466538,Cabo Delgado
,Jose Mateus Muaria Katupha,Q504564,FRELIMO,Q466538,Cabo Delgado
,Cornelio Quivela,Q1425821,RENAMO,Q466538,Cabo Delgado
,Judite Angelina Macoo,Q504564,FRELIMO,Q466538,Cabo Delgado
,Catarina Albertina Ratibo,Q1425821,RENAMO,Q466538,Cabo Delgado
,Filomena Nachaque,Q504564,FRELIMO,Q466538,Cabo Delgado
,Aiuba Ismail,Q1425821,RENAMO,Q466538,Cabo Delgado
,Miguel Anlave Mussa,Q504564,FRELIMO,Q466538,Cabo Delgado
,Padimbe Mabosse Kamati Andrea,Q1425821,RENAMO,Q466538,Cabo Delgado
,Andre Jumamossi Malhembudi,Q504564,FRELIMO,Q466538,Cabo Delgado
,Alexandre Siveto Massingue,Q1425821,RENAMO,Q466538,Cabo Delgado
,Lurdes Daniel,Q504564,FRELIMO,Q466538,Cabo Delgado
,Fernando Saide,Q504564,FRELIMO,Q466538,Cabo Delgado
,Fatimas Luis Omar Danune,Q504564,FRELIMO,Q466538,Cabo Delgado
,Ernesto Cassimuca Lipapa,Q504564,FRELIMO,Q466538,Cabo Delgado
,Feliciano Anjo Bernardo Mata,Q504564,FRELIMO,Q466538,Cabo Delgado
,Milho de Castro Akili,Q504564,FRELIMO,Q466538,Cabo Delgado
,Anatercia de Fatima Ismael Aly Adriano,Q504564,FRELIMO,Q466538,Cabo Delgado
,Aiuba Megama Abdul Camal,Q504564,FRELIMO,Q466538,Cabo Delgado
,Isabel Manuel Nkavandeca,Q504564,FRELIMO,Q466538,Cabo Delgado
,Veronica Nataniel Macamo,Q504564,FRELIMO,Q466526,Gaza
,Eliseu Joaquim Machava,Q504564,FRELIMO,Q466526,Gaza
,Aurora Mussane Murrime,Q504564,FRELIMO,Q466526,Gaza
,Sebastiao Marcos Mabote,Q504564,FRELIMO,Q466526,Gaza
,Danilo Amarcy Ragu,Q504564,FRELIMO,Q466526,Gaza
,Salome Milagre Machinuassane Moiane,Q504564,FRELIMO,Q466526,Gaza
,Leonardo Santos Simao,Q504564,FRELIMO,Q466526,Gaza
,Alves Jordao Zita,Q504564,FRELIMO,Q466526,Gaza
,Albertina Vicente Pelembe,Q504564,FRELIMO,Q466526,Gaza
,Yohanda Tadeu Mkeka,Q504564,FRELIMO,Q466526,Gaza
,Natercia Felizarda de Jesus Matiquite,Q504564,FRELIMO,Q466526,Gaza
,Rosalia Celestina Jose Lumbela,Q504564,FRELIMO,Q466526,Gaza
,Eugenio Numaio,Q504564,FRELIMO,Q466526,Gaza
,Ernesto Filipe Mausse,Q504564,FRELIMO,Q466526,Gaza
,Edson da Graca Francisco Macuacua,Q504564,FRELIMO,Q466526,Gaza
,Manuel Nongofe Bendzane,Q504564,FRELIMO,Q466526,Gaza
,Pascoal Manuel Mucumbi,Q504564,FRELIMO,Q466547,Inhambane
,Agostinho Semende Murrial,Q1425821,RENAMO,Q466547,Inhambane
,Tomas Augusto Salomao,Q504564,FRELIMO,Q466547,Inhambane
,Herondina Herculano,Q1425821,RENAMO,Q466547,Inhambane
,Ana Rita Jeremias Sithole,Q504564,FRELIMO,Q466547,Inhambane
,Zelma Graciete Ratagy Vasconcelos,Q1425821,RENAMO,Q466547,Inhambane
,Muricio Vieira Jacob,Q504564,FRELIMO,Q466547,Inhambane
,Gania Abdul Mussagy Manhica,Q1425821,RENAMO,Q466547,Inhambane
,Graca Cesar Machaiane Nhanala Nhalinginga,Q504564,FRELIMO,Q466547,Inhambane
,Abilio Adelaide Antonio,Q504564,FRELIMO,Q466547,Inhambane
,Cidalia Manuel Chauque,Q504564,FRELIMO,Q466547,Inhambane
,Duarte Cassiano,Q504564,FRELIMO,Q466547,Inhambane
,Teresa Aide,Q504564,FRELIMO,Q466547,Inhambane
,Francisco Joao Pateguana,Q504564,FRELIMO,Q466547,Inhambane
,Raquel Carlos Jose Damiao,Q504564,FRELIMO,Q466547,Inhambane
,Joao Macuamule,Q504564,FRELIMO,Q466547,Inhambane
,Laurinda Jose Pequenino,Q504564,FRELIMO,Q466547,Inhambane
,Albino Munafaene Ducuza Muchanga,Q1425821,RENAMO,Q622792,Manica
,Manuel Jorge Tome,Q504564,FRELIMO,Q622792,Manica
,Joao Alexandre,Q1425821,RENAMO,Q622792,Manica
,Alberto Manuel Sarande,Q504564,FRELIMO,Q622792,Manica
,Maria Angelina Dique Enoque,Q1425821,RENAMO,Q622792,Manica
,Francisca Domingos Tomas,Q504564,FRELIMO,Q622792,Manica
,Dionisio Quelhas,Q1425821,RENAMO,Q622792,Manica
,Felicio Pedro Zacarias,Q504564,FRELIMO,Q622792,Manica
,Mateus Lucas Antonio,Q1425821,RENAMO,Q622792,Manica
,Joao Manuel Rocha,Q504564,FRELIMO,Q622792,Manica
,Almeida dos Santos Tambara,Q1425821,RENAMO,Q622792,Manica
,Janeiro Mariano,Q1425821,RENAMO,Q622792,Manica
,Sergio Ernesto Neves,Q1425821,RENAMO,Q622792,Manica
,Saimone Macuiana,Q1425821,RENAMO,Q622792,Manica
,Luis Garife Matsangaice,Q1425821,RENAMO,Q622792,Manica
,Alcido Eduardo Nguenha,Q504564,FRELIMO,Q3889,Maputo City
,Rahil Samsser Khan,Q1425821,RENAMO,Q3889,Maputo City
,Teodato Modim da Silva Hunguana,Q504564,FRELIMO,Q3889,Maputo City
,Lazaro Ernesto Mabone,Q1425821,RENAMO,Q3889,Maputo City
,Ossumane Ali Dauto,Q504564,FRELIMO,Q3889,Maputo City
,Joel Matias Libombo,Q504564,FRELIMO,Q3889,Maputo City
,Maria Angela Ismael Manjate,Q504564,FRELIMO,Q3889,Maputo City
,Maria Virginia Sousa Videira,Q504564,FRELIMO,Q3889,Maputo City
,Luis Alberto Franco Afonso Videira,Q504564,FRELIMO,Q3889,Maputo City
,Carolina Halime Chemane,Q504564,FRELIMO,Q3889,Maputo City
,Hermenegildo Maria Cepeda Gamito,Q504564,FRELIMO,Q3889,Maputo City
,Roberto Maximiano Chitsonzo,Q504564,FRELIMO,Q3889,Maputo City
,Edgar Alfredo Cossa,Q504564,FRELIMO,Q3889,Maputo City
,Carlos da Piedade,Q504564,FRELIMO,Q3889,Maputo City
,Elvira Luis Mabunda,Q504564,FRELIMO,Q3889,Maputo City
,Osvaldo Filipe Jabu,Q504564,FRELIMO,Q3889,Maputo City
,Eneas da Conceicao Comiche,Q504564,FRELIMO,Q379658,Maputo Province
,Jeremias Pondeca Munguambe,Q1425821,RENAMO,Q379658,Maputo Province
,Joana Muchanga,Q504564,FRELIMO,Q379658,Maputo Province
,Casimiro Pedro Sacadura Huate,Q504564,FRELIMO,Q379658,Maputo Province
,Raul Joao Balate,Q504564,FRELIMO,Q379658,Maputo Province
,Tomas Frederico Mandlate,Q504564,FRELIMO,Q379658,Maputo Province
,Rosita Maluane,Q504564,FRELIMO,Q379658,Maputo Province
,Alberto Conforme Tigre,Q504564,FRELIMO,Q379658,Maputo Province
,Sabado Teresa Malendza,Q504564,FRELIMO,Q379658,Maputo Province
,Daniel Litsure,Q504564,FRELIMO,Q379658,Maputo Province
,Amélia Narciso Matos Sumbana,Q504564,FRELIMO,Q379658,Maputo Province
,Eliado Jossias Mussengue,Q504564,FRELIMO,Q379658,Maputo Province
,Arnaldo Valente Nhavoto,Q504564,FRELIMO,Q379658,Maputo Province
,Margarida Adamugi Talapa,Q504564,FRELIMO,Q622794,Nampula
,Ossufo Momade,Q1425821,RENAMO,Q622794,Nampula
,Rafael Benedito Afonso Maguni,Q504564,FRELIMO,Q622794,Nampula
,Maria Anastacia da Costa Xavier,Q1425821,RENAMO,Q622794,Nampula
,Luciano Andre de Castro,Q504564,FRELIMO,Q622794,Nampula
,Hilario Latina,Q1425821,RENAMO,Q622794,Nampula
,Eduardo Silva Nihia,Q504564,FRELIMO,Q622794,Nampula
,Felizarda Clara de Castro,Q1425821,RENAMO,Q622794,Nampula
,Rosario Mualeia,Q504564,FRELIMO,Q622794,Nampula
,Jose Henrique Lopes,Q1425821,RENAMO,Q622794,Nampula
,Faustina Manuel,Q504564,FRELIMO,Q622794,Nampula
,Domingos Pilale,Q1425821,RENAMO,Q622794,Nampula
,Anacleta Torres Caliano Meque,Q504564,FRELIMO,Q622794,Nampula
,Hariazate Suria,Q1425821,RENAMO,Q622794,Nampula
,Nelson Afonso Alberto,Q504564,FRELIMO,Q622794,Nampula
,Ossufo Muze Quitine,Q1425821,RENAMO,Q622794,Nampula
,Ernesto Muala,Q504564,FRELIMO,Q622794,Nampula
,Vasco Novela Charamadane,Q1425821,RENAMO,Q622794,Nampula
,Carlos Macareia,Q504564,FRELIMO,Q622794,Nampula
,Khalid Hussene Muhamed Sidat,Q1425821,RENAMO,Q622794,Nampula
,Angela Maria do Carmo Benesse,Q504564,FRELIMO,Q622794,Nampula
,Pauco Muatamulo Nanpuio,Q1425821,RENAMO,Q622794,Nampula
,Alfredo Maria Sao Bernardo,Q504564,FRELIMO,Q622794,Nampula
,Cepeda Gamito,Q1425821,RENAMO,Q622794,Nampula
,Lorenco Juma,Q504564,FRELIMO,Q622794,Nampula
,Elisa Amina Amusse,Q1425821,RENAMO,Q622794,Nampula
,Lucia Xavier,Q504564,FRELIMO,Q622794,Nampula
,Adelaide Anchia Amurane,Q1425821,RENAMO,Q622794,Nampula
,Manuel Jose dos Santos,Q504564,FRELIMO,Q622794,Nampula
,Carlos Moreira Vasco,Q1425821,RENAMO,Q622794,Nampula
,Jose Ferreira Muivai,Q504564,FRELIMO,Q622794,Nampula
,Ana Alberto Sabonete,Q1425821,RENAMO,Q622794,Nampula
,Mahomed Rucundino Dula,Q504564,FRELIMO,Q622794,Nampula
,Jose Patricio Manuel Andre,Q1425821,RENAMO,Q622794,Nampula
,Bernardo Assumane Sabao,Q504564,FRELIMO,Q622794,Nampula
,Etelvina Rita Joaquim Fevereiro,Q1425821,RENAMO,Q622794,Nampula
,Maria Tereza Nilimo Nanvarre,Q504564,FRELIMO,Q622794,Nampula
,Abel Ernesto Safrao,Q1425821,RENAMO,Q622794,Nampula
,Tertuliano Juma,Q504564,FRELIMO,Q622794,Nampula
,Hilario Pires Beja,Q1425821,RENAMO,Q622794,Nampula
,Silvano Joao da Cruz,Q504564,FRELIMO,Q622794,Nampula
,Rosa Isabel Maope,Q1425821,RENAMO,Q622794,Nampula
,Faustino Licaneque,Q504564,FRELIMO,Q622794,Nampula
,Maria de Lurdes Gouveia,Q1425821,RENAMO,Q622794,Nampula
,Francisco Rupansane,Q504564,FRELIMO,Q622794,Nampula
,Aissa Ossufo Suale,Q1425821,RENAMO,Q622794,Nampula
,Antonio Muanayange,Q504564,FRELIMO,Q622794,Nampula
,Agostinho Nampera Sualeia,Q1425821,RENAMO,Q622794,Nampula
,Ricardo Sebastiao de oliveira,Q1425821,RENAMO,Q622794,Nampula
,Mateus Elias Damiao T da Silva,Q1425821,RENAMO,Q622794,Nampula
,Francisco Joao Jose Dias,Q1425821,RENAMO,Q622794,Nampula
,Hilario White,Q1425821,RENAMO,Q622799,Niassa
,Eduardo Joaquim Mulembwe,Q504564,FRELIMO,Q622799,Niassa
,Rosa Florencia Chucua,Q1425821,RENAMO,Q622799,Niassa
,Aires Bonifacio Baptista Aly,Q504564,FRELIMO,Q622799,Niassa
,Jose Maria Sisto Carrau,Q1425821,RENAMO,Q622799,Niassa
,Maria Antonia,Q504564,FRELIMO,Q622799,Niassa
,Bachir Kassimo,Q1425821,RENAMO,Q622799,Niassa
,Agostinho Ussene,Q504564,FRELIMO,Q622799,Niassa
,Mustafa Rachide,Q1425821,RENAMO,Q622799,Niassa
,Maria Josefa Miguel,Q504564,FRELIMO,Q622799,Niassa
,Mario Ciquenta Naula,Q1425821,RENAMO,Q622799,Niassa
,Sausande Mpatula Kuakula,Q504564,FRELIMO,Q622799,Niassa
,Cristovao Sucane,Q1425821,RENAMO,Q622799,Niassa
,Raul Manuel Domingos,Q1425821,RENAMO,Q622801,Sofala
,Armando Emilio Guebuza,Q504564,FRELIMO,Q622801,Sofala
,Augusto Janeiro Gumbaza,Q1425821,RENAMO,Q622801,Sofala
,Isau Joaquim Meneses,Q504564,FRELIMO,Q622801,Sofala
,Lutero Chibirobiro Simango,Q1425821,RENAMO,Q622801,Sofala
,Jaime Mussa Massesse,Q504564,FRELIMO,Q622801,Sofala
,Chico Francisco,Q1425821,RENAMO,Q622801,Sofala
,Maria das Dores de Antonio,Q504564,FRELIMO,Q622801,Sofala
,Jose Augusto Mazuana,Q1425821,RENAMO,Q622801,Sofala
,Manuel Fernandes Pereira,Q1425821,RENAMO,Q622801,Sofala
,Luis Inacio,Q1425821,RENAMO,Q622801,Sofala
,Rui Domingos de Sousa,Q1425821,RENAMO,Q622801,Sofala
,Lerina dos Prazeres dos Santos,Q1425821,RENAMO,Q622801,Sofala
,Francisco Domingos Machambisse,Q1425821,RENAMO,Q622801,Sofala
,Raul Jose Xavier da Conceicao,Q1425821,RENAMO,Q622801,Sofala
,Hipolito Jesus Fernandes X do Couto,Q1425821,RENAMO,Q622801,Sofala
,Cristovao Felipe Soares,Q1425821,RENAMO,Q622801,Sofala
,Francisco de Assis Masquil,Q1425821,RENAMO,Q622801,Sofala
,Jose Mascarenhas,Q1425821,RENAMO,Q622801,Sofala
,Eduardo Augusto Elias,Q1425821,RENAMO,Q622801,Sofala
,Cristovao Gemusse Nhacatete,Q1425821,RENAMO,Q622801,Sofala
,David Alone Selemane,Q1425821,RENAMO,Q605787,Tete
,Mariano de Araujo Matsinha,Q504564,FRELIMO,Q605787,Tete
,Elvino Jose de Sousa Ferrao,Q1425821,RENAMO,Q605787,Tete
,Sergio Vieira,Q504564,FRELIMO,Q605787,Tete
,Manuel Henrique Franque,Q1425821,RENAMO,Q605787,Tete
,Armando Maria Pereira Constantino Julio,Q504564,FRELIMO,Q605787,Tete
,Virgilia T C Guerreiro,Q1425821,RENAMO,Q605787,Tete
,Filipa Baltazar da Costa,Q504564,FRELIMO,Q605787,Tete
,Antonio K Mafuta Banda,Q1425821,RENAMO,Q605787,Tete
,Virgilio Francisco Ferrao,Q504564,FRELIMO,Q605787,Tete
,Abel Gabriel Mabunda,Q1425821,RENAMO,Q605787,Tete
,Teresa Sanilane Romao Tembo,Q504564,FRELIMO,Q605787,Tete
,Celina Elias Solomone,Q1425821,RENAMO,Q605787,Tete
,Ana Maria Rafael,Q504564,FRELIMO,Q605787,Tete
,Samuel Brito Simango,Q1425821,RENAMO,Q605787,Tete
,Luisa Dias Diogo,Q504564,FRELIMO,Q605787,Tete
,Matias Alberto Ngulela,Q1425821,RENAMO,Q605787,Tete
,Inacio Jossitala,Q1425821,RENAMO,Q605787,Tete
,Manuel Pereira,Q1425821,RENAMO,Q622803,Zambezia
,Feliciano Salomao Gundana,Q504564,FRELIMO,Q622803,Zambezia
,Luis Benedito Gouveia,Q1425821,RENAMO,Q622803,Zambezia
,Bonifacio Gruveta Massamba,Q504564,FRELIMO,Q622803,Zambezia
,Maximo Diogo Jose Dias,Q1425821,RENAMO,Q622803,Zambezia
,Virgilia Bernardo Neto Alexandre dos Santos Matabel,Q504564,FRELIMO,Q622803,Zambezia
,Anselmo Ernesto Victor,Q1425821,RENAMO,Q622803,Zambezia
,Orlando Pedro Candua,Q504564,FRELIMO,Q622803,Zambezia
,Maneca Daniel,Q1425821,RENAMO,Q622803,Zambezia
,Maria Matilde Alves Lampiao Soares,Q504564,FRELIMO,Q622803,Zambezia
,Eva Teixeira Caetano Dias,Q1425821,RENAMO,Q622803,Zambezia
,Pedro Armando Alberto,Q504564,FRELIMO,Q622803,Zambezia
,Jeronimo Malagueta,Q1425821,RENAMO,Q622803,Zambezia
,Mateus Anibal Malichocho,Q504564,FRELIMO,Q622803,Zambezia
,Carlos Alexandre dos Reis,Q1425821,RENAMO,Q622803,Zambezia
,Aurelio Amandio Zilhao,Q504564,FRELIMO,Q622803,Zambezia
,Rachide Joao Tayobe Mahomed,Q1425821,RENAMO,Q622803,Zambezia
,Palmira Argelina Pedro Francisco,Q504564,FRELIMO,Q622803,Zambezia
,Leopoldo Alfredo,Q1425821,RENAMO,Q622803,Zambezia
,Sousa Salvador Munhaua,Q504564,FRELIMO,Q622803,Zambezia
,Ilidio Antonio Alfredo,Q1425821,RENAMO,Q622803,Zambezia
,Elisa Nicolau Jose de Melo,Q504564,FRELIMO,Q622803,Zambezia
,Jose Carlos Rodrigues Palaco,Q1425821,RENAMO,Q622803,Zambezia
,Lucilia Jose Manuel Nota Hama,Q504564,FRELIMO,Q622803,Zambezia
,Linete Eunice Gonoury,Q1425821,RENAMO,Q622803,Zambezia
,Inacio Henrique Carneiro Ngonde,Q504564,FRELIMO,Q622803,Zambezia
,Horacio Jose Namalve,Q1425821,RENAMO,Q622803,Zambezia
,Helder dos Santos Felix Monteiro Muteia,Q504564,FRELIMO,Q622803,Zambezia
,Domingos M Assulai,Q1425821,RENAMO,Q622803,Zambezia
,Zeca Castro Morgado,Q504564,FRELIMO,Q622803,Zambezia
,Luis Boavida Mudivela,Q1425821,RENAMO,Q622803,Zambezia
,Jose Zeca Arijama,Q1425821,RENAMO,Q622803,Zambezia
,Raul Ribeiro Munhuaua,Q1425821,RENAMO,Q622803,Zambezia
,Sebastiao da Costa Sebastia,Q1425821,RENAMO,Q622803,Zambezia
,Elisa Maria Silvestre,Q1425821,RENAMO,Q622803,Zambezia
,Jose do Rosario,Q1425821,RENAMO,Q622803,Zambezia
,Henriques Bone Mulieca,Q1425821,RENAMO,Q622803,Zambezia
,Constância Antonio Devesse,Q1425821,RENAMO,Q622803,Zambezia
,Jose Manteigas Gabriel,Q1425821,RENAMO,Q622803,Zambezia
,Ahamed Ismail Musa,Q1425821,RENAMO,Q622803,Zambezia
,Maria Ines Martins,Q1425821,RENAMO,Q622803,Zambezia
,Joao Manuel Alvaro Goncalves,Q1425821,RENAMO,Q622803,Zambezia
,Joe Lucas de Figueireiro,Q1425821,RENAMO,Q622803,Zambezia
,Faustino Mateus,Q1425821,RENAMO,Q622803,Zambezia
,Lurdes Antonio Manuel,Q1425821,RENAMO,Q622803,Zambezia
,Helena da Zinha Paulo,Q1425821,RENAMO,Q622803,Zambezia
,Paulino Luis Branquinho Valia,Q1425821,RENAMO,Q622803,Zambezia
,Maria Isabel Ferreira Lima,Q1425821,RENAMO,Q622803,Zambezia
,Mahamd Bacir Abdul Remane,Q1425821,RENAMO,Q622803,Zambezia
