@@,item,name,party,area
+++,,Abel Ernesto Safrao,Q1425821,Q622794
+++,,Abel Gabriel Mabunda,Q1425821,Q605787
+++,,Abilio Adelaide Antonio,Q504564,Q466547
+++,,Adelaide Anchia Amurane,Q1425821,Q622794
+++,,Agostinho Nampera Sualeia,Q1425821,Q622794
+++,,Agostinho Semende Murrial,Q1425821,Q466547
+++,,Agostinho Ussene,Q504564,Q622799
+++,,Ahamed Ismail Musa,Q1425821,Q622803
+++,,Aires Bonifacio Baptista Aly,Q504564,Q622799
+++,,Aissa Ossufo Suale,Q1425821,Q622794
+++,,Aiuba Ismail,Q1425821,Q466538
+++,,Aiuba Megama Abdul Camal,Q504564,Q466538
+++,,Albertina Vicente Pelembe,Q504564,Q466526
+++,,Alberto Conforme Tigre,Q504564,Q379658
+++,,Alberto Joaquim Chipande,Q504564,Q466538
+++,,Alberto Manuel Sarande,Q504564,Q622792
+++,,Albino Munafaene Ducuza Muchanga,Q1425821,Q622792
+++,,Alcido Eduardo Nguenha,Q504564,Q3889
+++,,Alexandre Siveto Massingue,Q1425821,Q466538
+++,,Alfredo Maria Sao Bernardo,Q504564,Q622794
+++,,Almeida dos Santos Tambara,Q1425821,Q622792
+++,,Alves Jordao Zita,Q504564,Q466526
+++,,Amélia Narciso Matos Sumbana,Q504564,Q379658
+++,,Ana Alberto Sabonete,Q1425821,Q622794
+++,,Ana Maria Rafael,Q504564,Q605787
+++,,Ana Rita Jeremias Sithole,Q504564,Q466547
+++,,Anacleta Torres Caliano Meque,Q504564,Q622794
+++,,Anatercia de Fatima Ismael Aly Adriano,Q504564,Q466538
+++,,Andre Jumamossi Malhembudi,Q504564,Q466538
+++,,Angela Maria do Carmo Benesse,Q504564,Q622794
+++,,Anselmo Ernesto Victor,Q1425821,Q622803
+++,,Antonio K Mafuta Banda,Q1425821,Q605787
+++,,Antonio Muanayange,Q504564,Q622794
+++,,Armando Emilio Guebuza,Q504564,Q622801
+++,,Armando Maria Pereira Constantino Julio,Q504564,Q605787
+++,,Arnaldo Valente Nhavoto,Q504564,Q379658
+++,,Augusto Janeiro Gumbaza,Q1425821,Q622801
+++,,Aurelio Amandio Zilhao,Q504564,Q622803
+++,,Aurora Mussane Murrime,Q504564,Q466526
+++,,Bachir Kassimo,Q1425821,Q622799
+++,,Bernardo Assumane Sabao,Q504564,Q622794
+++,,Bonifacio Gruveta Massamba,Q504564,Q622803
+++,,Carlos Alexandre dos Reis,Q1425821,Q622803
+++,,Carlos da Piedade,Q504564,Q3889
+++,,Carlos Macareia,Q504564,Q622794
+++,,Carlos Moreira Vasco,Q1425821,Q622794
+++,,Carolina Halime Chemane,Q504564,Q3889
+++,,Casimiro Pedro Sacadura Huate,Q504564,Q379658
+++,,Catarina Albertina Ratibo,Q1425821,Q466538
+++,,Celina Elias Solomone,Q1425821,Q605787
+++,,Cepeda Gamito,Q1425821,Q622794
+++,,Chico Francisco,Q1425821,Q622801
+++,,Cidalia Manuel Chauque,Q504564,Q466547
+++,,Constância Antonio Devesse,Q1425821,Q622803
+++,,Cornelio Quivela,Q1425821,Q466538
+++,,Cristovao Felipe Soares,Q1425821,Q622801
+++,,Cristovao Gemusse Nhacatete,Q1425821,Q622801
+++,,Cristovao Sucane,Q1425821,Q622799
+++,,Daniel Litsure,Q504564,Q379658
+++,,Danilo Amarcy Ragu,Q504564,Q466526
+++,,David Alone Selemane,Q1425821,Q605787
+++,,Dionisio Quelhas,Q1425821,Q622792
+++,,Domingos M Assulai,Q1425821,Q622803
+++,,Domingos Pilale,Q1425821,Q622794
+++,,Duarte Cassiano,Q504564,Q466547
+++,,Edgar Alfredo Cossa,Q504564,Q3889
+++,,Edson da Graca Francisco Macuacua,Q504564,Q466526
+++,,Eduardo Augusto Elias,Q1425821,Q622801
+++,,Eduardo Joaquim Mulembwe,Q504564,Q622799
+++,,Eduardo Silva Nihia,Q504564,Q622794
+++,,Eliado Jossias Mussengue,Q504564,Q379658
+++,,Elisa Amina Amusse,Q1425821,Q622794
+++,,Elisa Maria Silvestre,Q1425821,Q622803
+++,,Elisa Nicolau Jose de Melo,Q504564,Q622803
+++,,Eliseu Joaquim Machava,Q504564,Q466526
+++,,Elvino Jose de Sousa Ferrao,Q1425821,Q605787
+++,,Elvira Luis Mabunda,Q504564,Q3889
+++,,Eneas da Conceicao Comiche,Q504564,Q379658
+++,,Ernesto Cassimuca Lipapa,Q504564,Q466538
+++,,Ernesto Filipe Mausse,Q504564,Q466526
+++,,Ernesto Muala,Q504564,Q622794
+++,,Etelvina Rita Joaquim Fevereiro,Q1425821,Q622794
+++,,Eugenio Numaio,Q504564,Q466526
+++,,Eva Teixeira Caetano Dias,Q1425821,Q622803
+++,,Fatimas Luis Omar Danune,Q504564,Q466538
+++,,Faustina Manuel,Q504564,Q622794
+++,,Faustino Licaneque,Q504564,Q622794
+++,,Faustino Mateus,Q1425821,Q622803
+++,,Feliciano Anjo Bernardo Mata,Q504564,Q466538
+++,,Feliciano Salomao Gundana,Q504564,Q622803
+++,,Felicio Pedro Zacarias,Q504564,Q622792
+++,,Felizarda Clara de Castro,Q1425821,Q622794
+++,,Fernando Saide,Q504564,Q466538
+++,,Filipa Baltazar da Costa,Q504564,Q605787
+++,,Filomena Nachaque,Q504564,Q466538
+++,,Francisca Domingos Tomas,Q504564,Q622792
+++,,Francisco de Assis Masquil,Q1425821,Q622801
+++,,Francisco Domingos Machambisse,Q1425821,Q622801
+++,,Francisco Joao Jose Dias,Q1425821,Q622794
+++,,Francisco Joao Pateguana,Q504564,Q466547
+++,,Francisco Rupansane,Q504564,Q622794
+++,,Gania Abdul Mussagy Manhica,Q1425821,Q466547
+++,,Graca Cesar Machaiane Nhanala Nhalinginga,Q504564,Q466547
+++,,Hariazate Suria,Q1425821,Q622794
+++,,Helder dos Santos Felix Monteiro Muteia,Q504564,Q622803
+++,,Helena da Zinha Paulo,Q1425821,Q622803
+++,,Henriques Bone Mulieca,Q1425821,Q622803
+++,,Hermenegildo Maria Cepeda Gamito,Q504564,Q3889
+++,,Herondina Herculano,Q1425821,Q466547
+++,,Hilario Latina,Q1425821,Q622794
+++,,Hilario Pires Beja,Q1425821,Q622794
+++,,Hilario White,Q1425821,Q622799
+++,,Hipolito Jesus Fernandes X do Couto,Q1425821,Q622801
+++,,Horacio Jose Namalve,Q1425821,Q622803
+++,,Ilidio Antonio Alfredo,Q1425821,Q622803
+++,,Inacio Henrique Carneiro Ngonde,Q504564,Q622803
+++,,Inacio Jossitala,Q1425821,Q605787
+++,,Isabel Manuel Nkavandeca,Q504564,Q466538
---,Q6077711,Isabel Nkavadeka,,
+++,,Isau Joaquim Meneses,Q504564,Q622801
+++,,Jaime Mussa Massesse,Q504564,Q622801
+++,,Janeiro Mariano,Q1425821,Q622792
+++,,Jeremias Pondeca Munguambe,Q1425821,Q379658
+++,,Jeronimo Malagueta,Q1425821,Q622803
+++,,Joana Muchanga,Q504564,Q379658
+++,,Joao Alexandre,Q1425821,Q622792
+++,,Joao Macuamule,Q504564,Q466547
+++,,Joao Manuel Alvaro Goncalves,Q1425821,Q622803
+++,,Joao Manuel Rocha,Q504564,Q622792
+++,,Joe Lucas de Figueireiro,Q1425821,Q622803
+++,,Joel Matias Libombo,Q504564,Q3889
+++,,Jose Augusto Mazuana,Q1425821,Q622801
+++,,Jose Carlos Rodrigues Palaco,Q1425821,Q622803
+++,,Jose do Rosario,Q1425821,Q622803
+++,,Jose Ferreira Muivai,Q504564,Q622794
+++,,Jose Henrique Lopes,Q1425821,Q622794
+++,,Jose Manteigas Gabriel,Q1425821,Q622803
+++,,Jose Maria Sisto Carrau,Q1425821,Q622799
+++,,Jose Mascarenhas,Q1425821,Q622801
+++,,Jose Mateus Muaria Katupha,Q504564,Q466538
+++,,Jose Patricio Manuel Andre,Q1425821,Q622794
+++,,Jose Zeca Arijama,Q1425821,Q622803
+++,,Judite Angelina Macoo,Q504564,Q466538
+++,,Khalid Hussene Muhamed Sidat,Q1425821,Q622794
+++,,Laurinda Jose Pequenino,Q504564,Q466547
+++,,Lazaro Ernesto Mabone,Q1425821,Q3889
+++,,Leonardo Santos Simao,Q504564,Q466526
+++,,Leopoldo Alfredo,Q1425821,Q622803
+++,,Lerina dos Prazeres dos Santos,Q1425821,Q622801
+++,,Linete Eunice Gonoury,Q1425821,Q622803
+++,,Lorenco Juma,Q504564,Q622794
+++,,Lucia Xavier,Q504564,Q622794
+++,,Luciano Andre de Castro,Q504564,Q622794
+++,,Lucilia Jose Manuel Nota Hama,Q504564,Q622803
+++,,Luis Alberto Franco Afonso Videira,Q504564,Q3889
+++,,Luis Benedito Gouveia,Q1425821,Q622803
+++,,Luis Boavida Mudivela,Q1425821,Q622803
+++,,Luis Garife Matsangaice,Q1425821,Q622792
+++,,Luis Inacio,Q1425821,Q622801
+++,,Luisa Dias Diogo,Q504564,Q605787
+++,,Lurdes Antonio Manuel,Q1425821,Q622803
+++,,Lurdes Daniel,Q504564,Q466538
+++,,Lutero Chibirobiro Simango,Q1425821,Q622801
+++,,Mahamd Bacir Abdul Remane,Q1425821,Q622803
+++,,Mahomed Rucundino Dula,Q504564,Q622794
+++,,Maneca Daniel,Q1425821,Q622803
---,Q6752965,Manuel de Araújo,,
+++,,Manuel Fernandes Pereira,Q1425821,Q622801
+++,,Manuel Henrique Franque,Q1425821,Q605787
+++,,Manuel Jorge Tome,Q504564,Q622792
+++,,Manuel Jose dos Santos,Q504564,Q622794
+++,,Manuel Nongofe Bendzane,Q504564,Q466526
+++,,Manuel Pereira,Q1425821,Q622803
+++,,Margarida Adamugi Talapa,Q504564,Q622794
+++,,Maria Anastacia da Costa Xavier,Q1425821,Q622794
+++,,Maria Angela Ismael Manjate,Q504564,Q3889
+++,,Maria Antonia,Q504564,Q622799
+++,,Maria das Dores de Antonio,Q504564,Q622801
+++,,Maria de Lurdes Gouveia,Q1425821,Q622794
+++,,Maria Ines Martins,Q1425821,Q622803
+++,,Maria Isabel Ferreira Lima,Q1425821,Q622803
+++,,Maria Josefa Miguel,Q504564,Q622799
+++,,Maria Matilde Alves Lampiao Soares,Q504564,Q622803
+++,,Maria Tereza Nilimo Nanvarre,Q504564,Q622794
---,Q105325412,Maria Veloso,,
+++,,Maria Virginia Sousa Videira,Q504564,Q3889
+++,,Mariano de Araujo Matsinha,Q504564,Q605787
+++,,Mario Ciquenta Naula,Q1425821,Q622799
+++,,Mateus Anibal Malichocho,Q504564,Q622803
+++,,Mateus Elias Damiao T da Silva,Q1425821,Q622794
+++,,Mateus Lucas Antonio,Q1425821,Q622792
+++,,Matias Alberto Ngulela,Q1425821,Q605787
+++,,Maximo Diogo Jose Dias,Q1425821,Q622803
+++,,Miguel Anlave Mussa,Q504564,Q466538
+++,,Milho de Castro Akili,Q504564,Q466538
+++,,Muricio Vieira Jacob,Q504564,Q466547
+++,,Mustafa Rachide,Q1425821,Q622799
+++,,Natercia Felizarda de Jesus Matiquite,Q504564,Q466526
+++,,Nelson Afonso Alberto,Q504564,Q622794
---,Q27220074,Nyeleti Mondlane,,
+++,,Orlando Pedro Candua,Q504564,Q622803
---,Q55106039,Osfo Momad,Q1425821,
+++,,Ossufo Momade,Q1425821,Q622794
+++,,Ossufo Muze Quitine,Q1425821,Q622794
+++,,Ossumane Ali Dauto,Q504564,Q3889
+++,,Osvaldo Filipe Jabu,Q504564,Q3889
+++,,Padimbe Mabosse Kamati Andrea,Q1425821,Q466538
+++,,Palmira Argelina Pedro Francisco,Q504564,Q622803
+++,,Pascoal Manuel Mucumbi,Q504564,Q466547
+++,,Pauco Muatamulo Nanpuio,Q1425821,Q622794
+++,,Paulino Luis Branquinho Valia,Q1425821,Q622803
+++,,Pedro Armando Alberto,Q504564,Q622803
+++,,Rachide Joao Tayobe Mahomed,Q1425821,Q622803
+++,,Rafael Benedito Afonso Maguni,Q504564,Q622794
+++,,Rahil Samsser Khan,Q1425821,Q3889
+++,,Raquel Carlos Jose Damiao,Q504564,Q466547
+++,,Raul Joao Balate,Q504564,Q379658
+++,,Raul Jose Xavier da Conceicao,Q1425821,Q622801
+++,,Raul Manuel Domingos,Q1425821,Q622801
+++,,Raul Ribeiro Munhuaua,Q1425821,Q622803
+++,,Ricardo Sebastiao de oliveira,Q1425821,Q622794
+++,,Roberto Maximiano Chitsonzo,Q504564,Q3889
+++,,Rosa Florencia Chucua,Q1425821,Q622799
+++,,Rosa Isabel Maope,Q1425821,Q622794
+++,,Rosalia Celestina Jose Lumbela,Q504564,Q466526
+++,,Rosario Mualeia,Q504564,Q622794
+++,,Rosita Maluane,Q504564,Q379658
+++,,Rui Domingos de Sousa,Q1425821,Q622801
+++,,Sabado Teresa Malendza,Q504564,Q379658
+++,,Saimone Macuiana,Q1425821,Q622792
+++,,Salome Milagre Machinuassane Moiane,Q504564,Q466526
---,Q105326708,Salomé Moiane,,
+++,,Samuel Brito Simango,Q1425821,Q605787
+++,,Sausande Mpatula Kuakula,Q504564,Q622799
+++,,Sebastiao da Costa Sebastia,Q1425821,Q622803
+++,,Sebastiao Marcos Mabote,Q504564,Q466526
+++,,Sergio Ernesto Neves,Q1425821,Q622792
+++,,Sergio Vieira,Q504564,Q605787
+++,,Silvano Joao da Cruz,Q504564,Q622794
+++,,Sousa Salvador Munhaua,Q504564,Q622803
---,Q7701012,Teodato Hunguana,,
+++,,Teodato Modim da Silva Hunguana,Q504564,Q3889
+++,,Teresa Aide,Q504564,Q466547
+++,,Teresa Sanilane Romao Tembo,Q504564,Q605787
---,Q105326781,Teresa Tembo,,
+++,,Tertuliano Juma,Q504564,Q622794
+++,,Tomas Augusto Salomao,Q504564,Q466547
+++,,Tomas Frederico Mandlate,Q504564,Q379658
+++,,Vasco Novela Charamadane,Q1425821,Q622794
+++,,Veronica Nataniel Macamo,Q504564,Q466526
---,Q6722501,Verónica Macamo,Q504564,Q379658
+++,,Vicente Zacarias Ululu,Q1425821,Q466538
+++,,Virgilia Bernardo Neto Alexandre dos Santos Matabel,Q504564,Q622803
+++,,Virgilia T C Guerreiro,Q1425821,Q605787
+++,,Virgilio Francisco Ferrao,Q504564,Q605787
+++,,Yohanda Tadeu Mkeka,Q504564,Q466526
+++,,Zeca Castro Morgado,Q504564,Q622803
+++,,Zelma Graciete Ratagy Vasconcelos,Q1425821,Q466547
